[
  {
    "id": "1",
    "author": "Alex",
    "content": "Great music! Keep it up!",
    "createdAt": "2024-01-01T10:00:00Z",
    "isAnonymous": false,
    "likes": 5
  },
  {
    "id": "2",
    "author": "",
    "content": "Amazing tracks, love your style.",
    "createdAt": "2024-01-02T11:00:00Z",
    "isAnonymous": true,
    "likes": 3
  },
  {
    "id": "3",
    "author": "Maria",
    "content": "Your videos are inspiring!",
    "createdAt": "2024-01-03T12:00:00Z",
    "isAnonymous": false,
    "likes": 7
  },
  {
    "id": "4",
    "author": "",
    "content": "Anonymous fan here, keep creating!",
    "createdAt": "2024-01-04T13:00:00Z",
    "isAnonymous": true,
    "likes": 2
  },
  {
    "id": "5",
    "author": "John",
    "content": "Best music I've heard in a while.",
    "createdAt": "2024-01-05T14:00:00Z",
    "isAnonymous": false,
    "likes": 10
  },
  {
    "id": "6",
    "author": "Sofia",
    "content": "Love the wall feature!",
    "createdAt": "2024-01-06T15:00:00Z",
    "isAnonymous": false,
    "likes": 4
  },
  {
    "id": "7",
    "author": "",
    "content": "Anonymous comment: You're talented!",
    "createdAt": "2024-01-07T16:00:00Z",
    "isAnonymous": true,
    "likes": 1
  },
  {
    "id": "8",
    "author": "David",
    "content": "Can't wait for more tracks!",
    "createdAt": "2024-01-08T17:00:00Z",
    "isAnonymous": false,
    "likes": 6
  },
  {
    "id": "9",
    "author": "",
    "content": "Anonymous: Great work!",
    "createdAt": "2024-01-09T18:00:00Z",
    "isAnonymous": true,
    "likes": 0
  },
  {
    "id": "10",
    "author": "Emma",
    "content": "Your music brings joy!",
    "createdAt": "2024-01-10T19:00:00Z",
    "isAnonymous": false,
    "likes": 8
  },
  {
    "id": "11",
    "author": "Liam",
    "content": "Awesome wall, nice to see comments.",
    "createdAt": "2024-01-11T20:00:00Z",
    "isAnonymous": false,
    "likes": 3
  },
  {
    "id": "12",
    "author": "",
    "content": "Anonymous: Keep going!",
    "createdAt": "2024-01-12T21:00:00Z",
    "isAnonymous": true,
    "likes": 2
  },
  {
    "id": "13",
    "author": "Olivia",
    "content": "Love the new features!",
    "createdAt": "2024-01-13T22:00:00Z",
    "isAnonymous": false,
    "likes": 5
  },
  {
    "id": "14",
    "author": "",
    "content": "Anonymous fan: You're the best!",
    "createdAt": "2024-01-14T23:00:00Z",
    "isAnonymous": true,
    "likes": 4
  },
  {
    "id": "15",
    "author": "Noah",
    "content": "Excited for future releases!",
    "createdAt": "2024-01-15T00:00:00Z",
    "isAnonymous": false,
    "likes": 9
  }
]